record,mid point,g count,c count,gc skew,cummulative gc skew,a count,t count,at skew,cummulative at skew
juvEIV_frame_3,250.0,248,242,-0.012244897959183673,-0.012244897959183673,4,6,0.2,0.2
juvEIV_frame_3,300.0,247,241,-0.012295081967213115,-0.02453997992639679,6,6,0.0,0.2
juvEIV_frame_3,350.0,248,238,-0.0205761316872428,-0.045116111613639584,6,8,0.14285714285714285,0.34285714285714286
juvEIV_frame_3,400.0,254,232,-0.04526748971193416,-0.09038360132557374,7,7,0.0,0.34285714285714286
juvEIV_frame_3,450.0,251,233,-0.0371900826446281,-0.12757368397020186,6,10,0.25,0.5928571428571429
juvEIV_frame_3,500.0,241,240,-0.002079002079002079,-0.12965268604920394,8,11,0.15789473684210525,0.7507518796992481
juvEIV_frame_3,550.0,240,240,0.0,-0.12965268604920394,9,11,0.1,0.850751879699248
juvEIV_frame_3,600.0,235,244,0.018789144050104383,-0.11086354199909955,10,11,0.047619047619047616,0.8983709273182956
juvEIV_frame_3,650.0,238,242,0.008333333333333333,-0.10253020866576622,10,10,0.0,0.8983709273182956
juvEIV_frame_3,700.0,238,240,0.0041841004184100415,-0.09834610824735618,11,11,0.0,0.8983709273182956
juvEIV_frame_3,750.0,242,238,-0.008333333333333333,-0.10667944158068951,10,10,0.0,0.8983709273182956
juvEIV_frame_3,800.0,238,241,0.006263048016701462,-0.10041639356398804,8,13,0.23809523809523808,1.1364661654135337
juvEIV_frame_3,850.0,237,244,0.014553014553014554,-0.08586337901097349,8,11,0.15789473684210525,1.294360902255639
juvEIV_frame_3,900.0,230,251,0.04365904365904366,-0.04220433535192983,8,11,0.15789473684210525,1.4522556390977444
juvEIV_frame_3,950.0,226,255,0.060291060291060294,0.018086724939130466,10,9,-0.05263157894736842,1.399624060150376
juvEIV_frame_3,1000.0,225,259,0.07024793388429752,0.08833465882342799,8,8,0.0,1.399624060150376
juvEIV_frame_3,1050.0,219,265,0.09504132231404959,0.18337598113747758,9,7,-0.125,1.274624060150376
juvEIV_frame_3,1100.0,223,259,0.07468879668049792,0.2580647778179755,9,9,0.0,1.274624060150376
juvEIV_frame_3,1150.0,216,268,0.10743801652892562,0.36550279434690114,9,7,-0.125,1.149624060150376
juvEIV_frame_3,1200.0,208,275,0.13871635610766045,0.5042191504545616,11,6,-0.29411764705882354,0.8555064130915524
juvEIV_frame_3,1250.0,198,283,0.17671517671517672,0.6809343271697383,12,7,-0.2631578947368421,0.5923485183547104
juvEIV_frame_3,1300.0,204,277,0.15176715176715178,0.8327014789368901,13,6,-0.3684210526315789,0.22392746572313144
